bioguide_id,name,party,state,district,chamber,role,phone,website,leadership_role
S001176,Steve Scalise,Republican,LA,1,house,U.S. Representative,202-225-3015,https://scalise.house.gov,house_majority_leader
E000294,Tom Emmer,Republican,MN,6,house,U.S. Representative,202-225-2331,https://emmer.house.gov,house_majority_whip
J000294,Hakeem S. Jeffries,Democratic,NY,8,house,U.S. Representative,202-225-5936,https://jeffries.house.gov,house_minority_leader
D000563,Richard J. Durbin,Democratic,IL,,senate,U.S. Senator,202-224-2152,https://www.durbin.senate.gov,senate_minority_whip
G000386,Chuck Grassley,Republican,IA,,senate,U.S. Senator,202-224-3744,https://www.grassley.senate.gov,senate_president_pro_tempore
B001307,James R. Baird,Republican,IN,4,house,U.S. Representative,202-225-5037,https://baird.house.gov,
C000127,Maria Cantwell,Democratic,WA,,senate,U.S. Senator,202-224-3441,https://www.cantwell.senate.gov,
K000367,Amy Klobuchar,Democratic,MN,,senate,U.S. Senator,202-224-3244,https://www.klobuchar.senate.gov,
A000055,Robert B. Aderholt,Republican,AL,4,house,U.S. Representative,202-225-4876,https://aderholt.house.gov,
D000616,Scott DesJarlais,Republican,TN,4,house,U.S. Representative,202-225-6831,https://desjarlais.house.gov,
L000562,Stephen F. Lynch,Democratic,MA,8,house,U.S. Representative,202-225-8273,https://lynch.house.gov,
S001185,Terri A. Sewell,Democratic,AL,7,house,U.S. Representative,202-225-2665,https://sewell.house.gov,
H001068,Jared Huffman,Democratic,CA,2,house,U.S. Representative,202-225-5161,https://huffman.house.gov,
C001101,Katherine M. Clark,Democratic,MA,5,house,U.S. Representative,202-225-2836,https://katherineclark.house.gov,house_minority_whip
S001195,Jason Smith,Republican,MO,8,house,U.S. Representative,202-225-4404,https://jasonsmith.house.gov,
N000188,Donald Norcross,Democratic,NJ,1,house,U.S. Representative,202-225-6501,https://norcross.house.gov,
B001292,"Donald S. Beyer, Jr.",Democratic,VA,8,house,U.S. Representative,202-225-4376,https://beyer.house.gov,
E000297,Adriano Espaillat,Democratic,NY,13,house,U.S. Representative,202-225-4365,https://espaillat.house.gov,
P000617,Ayanna Pressley,Democratic,MA,7,house,U.S. Representative,202-225-5111,https://pressley.house.gov,
L000273,Teresa Leger Fernandez,Democratic,NM,3,house,U.S. Representative,202-225-6190,https://fernandez.house.gov,
C001126,Mike Carey,Republican,OH,15,house,U.S. Representative,202-225-2015,https://carey.house.gov,
C001127,Sheila Cherfilus-McCormick,Democratic,FL,20,house,U.S. Representative,202-225-1313,https://cherfilus-mccormick.house.gov,
F000474,Mike Flood,Republican,NE,1,house,U.S. Representative,202-225-4806,https://flood.house.gov,
F000475,Brad Finstad,Republican,MN,1,house,U.S. Representative,202-225-2472,https://finstad.house.gov,
R000579,Patrick Ryan,Democratic,NY,18,house,U.S. Representative,202-225-5614,https://patryan.house.gov,
Y000067,Rudy Yakym III,Republican,IN,2,house,U.S. Representative,202-225-3915,https://yakym.house.gov,
Z000018,Ryan K. Zinke,Republican,MT,1,house,U.S. Representative,202-225-5628,https://zinke.house.gov,
S001220,Dale W. Strong,Republican,AL,5,house,U.S. Representative,202-225-4801,https://strong.house.gov,
M001224,Nathaniel Moran,Republican,TX,1,house,U.S. Representative,202-225-3035,https://moran.house.gov,
B001261,John Barrasso,Republican,WY,,senate,U.S. Senator,202-224-6441,https://www.barrasso.senate.gov,senate_majority_whip
S000033,Bernard Sanders,Independent,VT,,senate,U.S. Senator,202-224-5141,https://www.sanders.senate.gov,
W000802,Sheldon Whitehouse,Democratic,RI,,senate,U.S. Senator,202-224-2921,https://www.whitehouse.senate.gov,
G000602,Laura Gillen,Democratic,NY,4,house,U.S. Representative,202-225-5516,https://gillen.house.gov,
L000606,George Latimer,Democratic,NY,16,house,U.S. Representative,202-225-2464,https://latimer.house.gov,
R000622,Josh Riley,Democratic,NY,19,house,U.S. Representative,202-225-5441,https://riley.house.gov,
T000250,John Thune,Republican,SD,,senate,U.S. Senator,202-224-2321,https://www.thune.senate.gov,senate_majority_leader
W000437,Roger F. Wicker,Republican,MS,,senate,U.S. Senator,202-224-6253,https://www.wicker.senate.gov,
C001035,Susan M. Collins,Republican,ME,,senate,U.S. Senator,202-224-2523,https://www.collins.senate.gov,
C001056,John Cornyn,Republican,TX,,senate,U.S. Senator,202-224-2934,https://www.cornyn.senate.gov,
M000355,Mitch McConnell,Republican,KY,,senate,U.S. Senator,202-224-2541,https://www.mcconnell.senate.gov,
M001176,Jeff Merkley,Democratic,OR,,senate,U.S. Senator,202-224-3753,https://www.merkley.senate.gov,
R000122,Jack Reed,Democratic,RI,,senate,U.S. Senator,202-224-4642,https://www.reed.senate.gov,
R000584,James E. Risch,Republican,ID,,senate,U.S. Senator,202-224-2752,https://www.risch.senate.gov,
B001299,Jim Banks,Republican,IN,,senate,U.S. Senator,202-224-4814,https://www.banks.senate.gov,
S001181,Jeanne Shaheen,Democratic,NH,,senate,U.S. Senator,202-224-2841,https://www.shaheen.senate.gov,
M000133,Edward J. Markey,Democratic,MA,,senate,U.S. Senator,202-224-2742,https://www.markey.senate.gov,
C001095,Tom Cotton,Republican,AR,,senate,U.S. Senator,202-224-2353,https://www.cotton.senate.gov,
B001257,Gus M. Bilirakis,Republican,FL,12,house,U.S. Representative,202-225-5755,https://bilirakis.house.gov,
B000490,"Sanford D. Bishop, Jr.",Democratic,GA,2,house,U.S. Representative,202-225-3631,https://bishop.house.gov,
B001260,Vern Buchanan,Republican,FL,16,house,U.S. Representative,202-225-5015,https://buchanan.house.gov,
C000059,Ken Calvert,Republican,CA,41,house,U.S. Representative,202-225-1986,https://calvert.house.gov,
C001072,André Carson,Democratic,IN,7,house,U.S. Representative,202-225-4011,https://carson.house.gov,
C001051,John R. Carter,Republican,TX,31,house,U.S. Representative,202-225-3864,https://carter.house.gov,
C001066,Kathy Castor,Democratic,FL,14,house,U.S. Representative,202-225-3376,https://castor.house.gov,
C001080,Judy Chu,Democratic,CA,28,house,U.S. Representative,202-225-5464,https://chu.house.gov,
G000359,Lindsey Graham,Republican,SC,,senate,U.S. Senator,202-224-5972,https://www.lgraham.senate.gov/public,
C001067,Yvette D. Clarke,Democratic,NY,9,house,U.S. Representative,202-225-6231,https://clarke.house.gov,
C001061,Emanuel Cleaver,Democratic,MO,5,house,U.S. Representative,202-225-4535,https://cleaver.house.gov,
C000537,James E. Clyburn,Democratic,SC,6,house,U.S. Representative,202-225-3315,https://clyburn.house.gov,
C001068,Steve Cohen,Democratic,TN,9,house,U.S. Representative,202-225-3265,https://cohen.house.gov,
C001053,Tom Cole,Republican,OK,4,house,U.S. Representative,202-225-6165,https://cole.house.gov,
C001059,Jim Costa,Democratic,CA,21,house,U.S. Representative,202-225-3341,https://costa.house.gov,
C001069,Joe Courtney,Democratic,CT,2,house,U.S. Representative,202-225-2076,https://courtney.house.gov,
C001087,"Eric A. ""Rick"" Crawford",Republican,AR,1,house,U.S. Representative,202-225-4076,https://crawford.house.gov,
C001063,Henry Cuellar,Democratic,TX,28,house,U.S. Representative,202-225-1640,https://cuellar.house.gov,
D000096,Danny K. Davis,Democratic,IL,7,house,U.S. Representative,202-225-5006,https://davis.house.gov,
D000197,Diana DeGette,Democratic,CO,1,house,U.S. Representative,202-225-4431,https://degette.house.gov,
D000216,Rosa L. DeLauro,Democratic,CT,3,house,U.S. Representative,202-225-3661,https://delauro.house.gov,
G000555,Kirsten E. Gillibrand,Democratic,NY,,senate,U.S. Senator,202-224-4451,https://www.gillibrand.senate.gov,
C001088,Christopher A. Coons,Democratic,DE,,senate,U.S. Senator,202-224-5042,https://www.coons.senate.gov,
B001230,Tammy Baldwin,Democratic,WI,,senate,U.S. Senator,202-224-5653,https://www.baldwin.senate.gov,
B001267,Michael F. Bennet,Democratic,CO,,senate,U.S. Senator,202-224-5852,https://www.bennet.senate.gov,
B001243,Marsha Blackburn,Republican,TN,,senate,U.S. Senator,202-224-3344,https://www.blackburn.senate.gov,
B001277,Richard Blumenthal,Democratic,CT,,senate,U.S. Senator,202-224-2823,https://www.blumenthal.senate.gov,
B001236,John Boozman,Republican,AR,,senate,U.S. Senator,202-224-4843,https://www.boozman.senate.gov/public,
C001047,Shelley Moore Capito,Republican,WV,,senate,U.S. Senator,202-224-6472,https://www.capito.senate.gov,
C001075,Bill Cassidy,Republican,LA,,senate,U.S. Senator,202-224-5824,https://www.cassidy.senate.gov,
C000880,Mike Crapo,Republican,ID,,senate,U.S. Senator,202-224-6142,https://www.crapo.senate.gov,
D000600,Mario Diaz-Balart,Republican,FL,26,house,U.S. Representative,202-225-4211,https://mariodiazbalart.house.gov,
D000399,Lloyd Doggett,Democratic,TX,37,house,U.S. Representative,202-225-4865,https://doggett.house.gov,
F000459,"Charles J. ""Chuck"" Fleischmann",Republican,TN,3,house,U.S. Representative,202-225-3271,https://fleischmann.house.gov,
F000450,Virginia Foxx,Republican,NC,5,house,U.S. Representative,202-225-2071,https://foxx.house.gov,
G000559,John Garamendi,Democratic,CA,8,house,U.S. Representative,202-225-1880,https://garamendi.house.gov,
G000565,Paul A. Gosar,Republican,AZ,9,house,U.S. Representative,202-225-2315,https://gosar.house.gov,
G000546,Sam Graves,Republican,MO,6,house,U.S. Representative,202-225-7041,https://graves.house.gov,
G000553,Al Green,Democratic,TX,9,house,U.S. Representative,202-225-7508,https://algreen.house.gov,
G000568,H. Morgan Griffith,Republican,VA,9,house,U.S. Representative,202-225-3861,https://morgangriffith.house.gov,
G000558,Brett Guthrie,Republican,KY,2,house,U.S. Representative,202-225-3501,https://guthrie.house.gov,
H001052,Andy Harris,Republican,MD,1,house,U.S. Representative,202-225-5311,https://harris.house.gov,
H001047,James A. Himes,Democratic,CT,4,house,U.S. Representative,202-225-5541,https://himes.house.gov,
H000874,Steny H. Hoyer,Democratic,MD,5,house,U.S. Representative,202-225-4131,https://hoyer.house.gov,
H001058,Bill Huizenga,Republican,MI,4,house,U.S. Representative,202-225-4401,https://huizenga.house.gov,
J000288,"Henry C. ""Hank"" Johnson, Jr.",Democratic,GA,4,house,U.S. Representative,202-225-1605,https://hankjohnson.house.gov,
J000289,Jim Jordan,Republican,OH,4,house,U.S. Representative,202-225-2676,https://jordan.house.gov,
K000009,Marcy Kaptur,Democratic,OH,9,house,U.S. Representative,202-225-4146,https://kaptur.house.gov,
K000375,William R. Keating,Democratic,MA,9,house,U.S. Representative,202-225-3111,https://keating.house.gov,
K000376,Mike Kelly,Republican,PA,16,house,U.S. Representative,202-225-5406,https://kelly.house.gov,
L000560,Rick Larsen,Democratic,WA,2,house,U.S. Representative,202-225-2605,https://larsen.house.gov,
L000557,John B. Larson,Democratic,CT,1,house,U.S. Representative,202-225-2265,https://larson.house.gov,
L000566,Robert E. Latta,Republican,OH,5,house,U.S. Representative,202-225-6405,https://latta.house.gov,
L000397,Zoe Lofgren,Democratic,CA,18,house,U.S. Representative,202-225-3072,https://lofgren.house.gov,
L000491,Frank D. Lucas,Republican,OK,3,house,U.S. Representative,202-225-5565,https://lucas.house.gov,
H001046,Martin Heinrich,Democratic,NM,,senate,U.S. Senator,202-224-5521,https://www.heinrich.senate.gov,
H001042,Mazie K. Hirono,Democratic,HI,,senate,U.S. Senator,202-224-6361,https://www.hirono.senate.gov,
H001061,John Hoeven,Republican,ND,,senate,U.S. Senator,202-224-2551,https://www.hoeven.senate.gov,
J000293,Ron Johnson,Republican,WI,,senate,U.S. Senator,202-224-5323,https://www.ronjohnson.senate.gov,
L000575,James Lankford,Republican,OK,,senate,U.S. Senator,202-224-5754,https://www.lankford.senate.gov,
L000577,Mike Lee,Republican,UT,,senate,U.S. Senator,202-224-5444,https://www.lee.senate.gov,
L000570,Ben Ray Luján,Democratic,NM,,senate,U.S. Senator,202-224-6621,https://www.lujan.senate.gov,
M001163,Doris O. Matsui,Democratic,CA,7,house,U.S. Representative,202-225-7163,https://matsui.house.gov,
M001157,Michael T. McCaul,Republican,TX,10,house,U.S. Representative,202-225-2401,https://mccaul.house.gov,
M001177,Tom McClintock,Republican,CA,5,house,U.S. Representative,202-225-2511,https://mcclintock.house.gov,
M001143,Betty McCollum,Democratic,MN,4,house,U.S. Representative,202-225-6631,https://mccollum.house.gov,
M000312,James P. McGovern,Democratic,MA,2,house,U.S. Representative,202-225-6101,https://mcgovern.house.gov,
M001137,Gregory W. Meeks,Democratic,NY,5,house,U.S. Representative,202-225-3461,https://meeks.house.gov,
M001160,Gwen Moore,Democratic,WI,4,house,U.S. Representative,202-225-4572,https://gwenmoore.house.gov,
N000002,Jerrold Nadler,Democratic,NY,12,house,U.S. Representative,202-225-5635,https://nadler.house.gov,
N000015,Richard E. Neal,Democratic,MA,1,house,U.S. Representative,202-225-5601,https://neal.house.gov,
N000147,Eleanor Holmes Norton,Democratic,DC,0,house,U.S. Representative,202-225-8050,https://norton.house.gov,
P000034,"Frank Pallone, Jr.",Democratic,NJ,6,house,U.S. Representative,202-225-4671,https://pallone.house.gov,
P000197,Nancy Pelosi,Democratic,CA,11,house,U.S. Representative,202-225-4965,https://pelosi.house.gov,
P000597,Chellie Pingree,Democratic,ME,1,house,U.S. Representative,202-225-6116,https://pingree.house.gov,
Q000023,Mike Quigley,Democratic,IL,5,house,U.S. Representative,202-225-4061,https://quigley.house.gov,
R000395,Harold Rogers,Republican,KY,5,house,U.S. Representative,202-225-4601,https://halrogers.house.gov,
R000575,Mike Rogers,Republican,AL,3,house,U.S. Representative,202-225-3261,https://mikerogers.house.gov,
S001145,Janice D. Schakowsky,Democratic,IL,9,house,U.S. Representative,202-225-2111,https://schakowsky.house.gov,
S001183,David Schweikert,Republican,AZ,1,house,U.S. Representative,202-225-2190,https://schweikert.house.gov,
S001189,Austin Scott,Republican,GA,8,house,U.S. Representative,202-225-6531,https://austinscott.house.gov,
S001157,David Scott,Democratic,GA,13,house,U.S. Representative,202-225-2939,https://davidscott.house.gov,
S000185,"Robert C. ""Bobby"" Scott",Democratic,VA,3,house,U.S. Representative,202-225-8351,https://bobbyscott.house.gov,
M000934,Jerry Moran,Republican,KS,,senate,U.S. Senator,202-224-6521,https://www.moran.senate.gov,
M001153,Lisa Murkowski,Republican,AK,,senate,U.S. Senator,202-224-6665,https://www.murkowski.senate.gov,
M001169,Christopher Murphy,Democratic,CT,,senate,U.S. Senator,202-224-4041,https://www.murphy.senate.gov,
M001111,Patty Murray,Democratic,WA,,senate,U.S. Senator,202-224-2621,https://www.murray.senate.gov,
P000603,Rand Paul,Republican,KY,,senate,U.S. Senator,202-224-4343,https://www.paul.senate.gov,
P000595,Gary C. Peters,Democratic,MI,,senate,U.S. Senator,202-224-6221,https://www.peters.senate.gov,
S001150,Adam B. Schiff,Democratic,CA,,senate,U.S. Senator,202-224-3841,https://www.schiff.senate.gov,
S001184,Tim Scott,Republican,SC,,senate,U.S. Senator,202-224-6121,https://www.scott.senate.gov,
S000344,Brad Sherman,Democratic,CA,32,house,U.S. Representative,202-225-5911,https://sherman.house.gov,
S001148,Michael K. Simpson,Republican,ID,2,house,U.S. Representative,202-225-5531,https://simpson.house.gov,
S000148,Charles E. Schumer,Democratic,NY,,senate,U.S. Senator,202-224-6542,https://www.schumer.senate.gov,senate_minority_leader
S000510,Adam Smith,Democratic,WA,9,house,U.S. Representative,202-225-8901,https://adamsmith.house.gov,
S001172,Adrian Smith,Republican,NE,3,house,U.S. Representative,202-225-6435,https://adriansmith.house.gov,
S000522,Christopher H. Smith,Republican,NJ,4,house,U.S. Representative,202-225-3765,https://chrissmith.house.gov,
S001156,Linda T. Sánchez,Democratic,CA,38,house,U.S. Representative,202-225-6676,https://lindasanchez.house.gov,
T000193,Bennie G. Thompson,Democratic,MS,2,house,U.S. Representative,202-225-5876,https://benniethompson.house.gov,
T000460,Mike Thompson,Democratic,CA,4,house,U.S. Representative,202-225-3311,https://mikethompson.house.gov,
T000467,Glenn Thompson,Republican,PA,15,house,U.S. Representative,202-225-5121,https://thompson.house.gov,
T000469,Paul Tonko,Democratic,NY,20,house,U.S. Representative,202-225-5076,https://tonko.house.gov,
T000463,Michael R. Turner,Republican,OH,10,house,U.S. Representative,202-225-6465,https://turner.house.gov,
V000081,Nydia M. Velázquez,Democratic,NY,7,house,U.S. Representative,202-225-2361,https://velazquez.house.gov,
W000798,Tim Walberg,Republican,MI,5,house,U.S. Representative,202-225-6276,https://walberg.house.gov,
W000797,Debbie Wasserman Schultz,Democratic,FL,25,house,U.S. Representative,202-225-7931,https://wassermanschultz.house.gov,
W000187,Maxine Waters,Democratic,CA,43,house,U.S. Representative,202-225-2201,https://waters.house.gov,
W000806,Daniel Webster,Republican,FL,11,house,U.S. Representative,202-225-1002,https://webster.house.gov,
W000795,Joe Wilson,Republican,SC,2,house,U.S. Representative,202-225-2452,https://joewilson.house.gov,
W000808,Frederica S. Wilson,Democratic,FL,24,house,U.S. Representative,202-225-4506,https://wilson.house.gov,
W000804,Robert J. Wittman,Republican,VA,1,house,U.S. Representative,202-225-4261,https://wittman.house.gov,
W000809,Steve Womack,Republican,AR,3,house,U.S. Representative,202-225-4301,https://womack.house.gov,
A000369,Mark E. Amodei,Republican,NV,2,house,U.S. Representative,202-225-6155,https://amodei.house.gov,
B001278,Suzanne Bonamici,Democratic,OR,1,house,U.S. Representative,202-225-0855,https://bonamici.house.gov,
D000617,Suzan K. DelBene,Democratic,WA,1,house,U.S. Representative,202-225-6311,https://delbene.house.gov,
M001184,Thomas Massie,Republican,KY,4,house,U.S. Representative,202-225-3465,https://massie.house.gov,
F000454,Bill Foster,Democratic,IL,11,house,U.S. Representative,202-225-3515,https://foster.house.gov,
T000468,Dina Titus,Democratic,NV,1,house,U.S. Representative,202-225-5965,https://titus.house.gov,
V000128,Chris Van Hollen,Democratic,MD,,senate,U.S. Senator,202-224-4654,https://www.vanhollen.senate.gov,
W000800,Peter Welch,Democratic,VT,,senate,U.S. Senator,202-224-4242,https://www.welch.senate.gov,
W000779,Ron Wyden,Democratic,OR,,senate,U.S. Senator,202-224-5244,https://www.wyden.senate.gov,
Y000064,Todd Young,Republican,IN,,senate,U.S. Senator,202-224-5623,https://www.young.senate.gov,
S001194,Brian Schatz,Democratic,HI,,senate,U.S. Senator,202-224-3934,https://www.schatz.senate.gov,
B001287,Ami Bera,Democratic,CA,6,house,U.S. Representative,202-225-5716,https://bera.house.gov,
S001193,Eric Swalwell,Democratic,CA,14,house,U.S. Representative,202-225-5065,https://swalwell.house.gov,
B001285,Julia Brownley,Democratic,CA,26,house,U.S. Representative,202-225-5811,https://juliabrownley.house.gov,
R000599,Raul Ruiz,Democratic,CA,25,house,U.S. Representative,202-225-5330,https://ruiz.house.gov,
T000472,Mark Takano,Democratic,CA,39,house,U.S. Representative,202-225-2305,https://takano.house.gov,
S001198,Dan Sullivan,Republican,AK,,senate,U.S. Senator,202-224-3004,https://www.sullivan.senate.gov,
E000295,Joni Ernst,Republican,IA,,senate,U.S. Senator,202-224-3254,https://www.ernst.senate.gov,
N000189,Dan Newhouse,Republican,WA,4,house,U.S. Representative,202-225-5816,https://newhouse.house.gov,
V000130,Juan Vargas,Democratic,CA,52,house,U.S. Representative,202-225-8045,https://vargas.house.gov,
P000608,Scott H. Peters,Democratic,CA,50,house,U.S. Representative,202-225-0508,https://scottpeters.house.gov,
F000462,Lois Frankel,Democratic,FL,22,house,U.S. Representative,202-225-9890,https://frankel.house.gov,
B001282,Andy Barr,Republican,KY,6,house,U.S. Representative,202-225-4706,https://barr.house.gov,
W000812,Ann Wagner,Republican,MO,2,house,U.S. Representative,202-225-1621,https://wagner.house.gov,
H001067,Richard Hudson,Republican,NC,9,house,U.S. Representative,202-225-3715,https://hudson.house.gov,
M001188,Grace Meng,Democratic,NY,6,house,U.S. Representative,202-225-2601,https://meng.house.gov,
B001281,Joyce Beatty,Democratic,OH,3,house,U.S. Representative,202-225-4324,https://beatty.house.gov,
J000295,David P. Joyce,Republican,OH,14,house,U.S. Representative,202-225-5731,https://joyce.house.gov,
P000605,Scott Perry,Republican,PA,10,house,U.S. Representative,202-225-5836,https://perry.house.gov,
W000814,"Randy K. Weber, Sr.",Republican,TX,14,house,U.S. Representative,202-225-2831,https://weber.house.gov,
C001091,Joaquin Castro,Democratic,TX,20,house,U.S. Representative,202-225-3236,https://castro.house.gov,
W000816,Roger Williams,Republican,TX,25,house,U.S. Representative,202-225-9896,https://williams.house.gov,
V000131,Marc A. Veasey,Democratic,TX,33,house,U.S. Representative,202-225-9897,https://veasey.house.gov,
P000607,Mark Pocan,Democratic,WI,2,house,U.S. Representative,202-225-2906,https://pocan.house.gov,
K000385,Robin L. Kelly,Democratic,IL,2,house,U.S. Representative,202-225-0773,https://robinkelly.house.gov,
D000622,Tammy Duckworth,Democratic,IL,,senate,U.S. Senator,202-224-2854,https://www.duckworth.senate.gov,
W000817,Elizabeth Warren,Democratic,MA,,senate,U.S. Senator,202-224-4543,https://www.warren.senate.gov,
K000383,"Angus S. King, Jr.",Independent,ME,,senate,U.S. Senator,202-224-5344,https://www.king.senate.gov,
D000618,Steve Daines,Republican,MT,,senate,U.S. Senator,202-224-2651,https://www.daines.senate.gov,
C001096,Kevin Cramer,Republican,ND,,senate,U.S. Senator,202-224-2043,https://www.cramer.senate.gov,
F000463,Deb Fischer,Republican,NE,,senate,U.S. Senator,202-224-6551,https://www.fischer.senate.gov,
M001190,Markwayne Mullin,Republican,OK,,senate,U.S. Senator,202-224-4721,https://www.mullin.senate.gov,
C001098,Ted Cruz,Republican,TX,,senate,U.S. Senator,202-224-5922,https://www.cruz.senate.gov,
K000384,Tim Kaine,Democratic,VA,,senate,U.S. Senator,202-224-4024,https://www.kaine.senate.gov,
A000370,Alma S. Adams,Democratic,NC,12,house,U.S. Representative,202-225-1510,https://adams.house.gov,
P000609,Gary J. Palmer,Republican,AL,6,house,U.S. Representative,202-225-4921,https://palmer.house.gov,
H001072,J. French Hill,Republican,AR,2,house,U.S. Representative,202-225-2506,https://hill.house.gov,
W000821,Bruce Westerman,Republican,AR,4,house,U.S. Representative,202-225-3772,https://westerman.house.gov,
D000623,Mark DeSaulnier,Democratic,CA,10,house,U.S. Representative,202-225-2095,https://desaulnier.house.gov,
A000371,Pete Aguilar,Democratic,CA,33,house,U.S. Representative,202-225-3201,https://aguilar.house.gov,
L000582,Ted Lieu,Democratic,CA,36,house,U.S. Representative,202-225-3976,https://lieu.house.gov,
T000474,Norma J. Torres,Democratic,CA,35,house,U.S. Representative,202-225-6161,https://torres.house.gov,
C001103,"Earl L. ""Buddy"" Carter",Republican,GA,1,house,U.S. Representative,202-225-5831,https://buddycarter.house.gov,
L000583,Barry Loudermilk,Republican,GA,11,house,U.S. Representative,202-225-2931,https://loudermilk.house.gov,
A000372,Rick W. Allen,Republican,GA,12,house,U.S. Representative,202-225-2823,https://allen.house.gov,
B001295,Mike Bost,Republican,IL,12,house,U.S. Representative,202-225-5661,https://bost.house.gov,
M001196,Seth Moulton,Democratic,MA,6,house,U.S. Representative,202-225-8020,https://moulton.house.gov,
M001194,John R. Moolenaar,Republican,MI,2,house,U.S. Representative,202-225-3561,https://moolenaar.house.gov,
D000624,Debbie Dingell,Democratic,MI,6,house,U.S. Representative,202-225-4071,https://debbiedingell.house.gov,
R000603,David Rouzer,Republican,NC,7,house,U.S. Representative,202-225-2731,https://rouzer.house.gov,
W000822,Bonnie Watson Coleman,Democratic,NJ,12,house,U.S. Representative,202-225-5801,https://watsoncoleman.house.gov,
S001196,Elise M. Stefanik,Republican,NY,21,house,U.S. Representative,202-225-4611,https://stefanik.house.gov,
B001296,Brendan F. Boyle,Democratic,PA,2,house,U.S. Representative,202-225-6111,https://boyle.house.gov,
B001291,Brian Babin,Republican,TX,36,house,U.S. Representative,202-225-1555,https://babin.house.gov,
W000805,Mark R. Warner,Democratic,VA,,senate,U.S. Senator,202-224-2023,https://www.warner.senate.gov,
B001288,Cory A. Booker,Democratic,NJ,,senate,U.S. Senator,202-224-3224,https://www.booker.senate.gov,
G000574,Ruben Gallego,Democratic,AZ,,senate,U.S. Senator,202-224-4521,https://www.gallego.senate.gov,
S001208,Elissa Slotkin,Democratic,MI,,senate,U.S. Senator,202-224-4822,https://www.slotkin.senate.gov,
P000145,Alex Padilla,Democratic,CA,,senate,U.S. Senator,202-224-3553,https://www.padilla.senate.gov,
F000478,Russell Fry,Republican,SC,7,house,U.S. Representative,202-225-9895,https://fry.house.gov,
J000299,Mike Johnson,Republican,LA,4,house,U.S. Representative,202-225-2777,https://mikejohnson.house.gov,speaker
R000618,Pete Ricketts,Republican,NE,,senate,U.S. Senator,202-224-4224,https://www.ricketts.senate.gov,
P000610,Stacey E. Plaskett,Democratic,VI,0,house,U.S. Representative,202-225-1790,https://plaskett.house.gov,
K000388,Trent Kelly,Republican,MS,1,house,U.S. Representative,202-225-4306,https://trentkelly.house.gov,
L000585,Darin LaHood,Republican,IL,16,house,U.S. Representative,202-225-6201,https://lahood.house.gov,
D000626,Warren Davidson,Republican,OH,8,house,U.S. Representative,202-225-6205,https://davidson.house.gov,
C001108,James Comer,Republican,KY,1,house,U.S. Representative,202-225-3115,https://comer.house.gov,
E000296,Dwight Evans,Democratic,PA,3,house,U.S. Representative,202-225-4001,https://evans.house.gov,
S001190,Bradley Scott Schneider,Democratic,IL,10,house,U.S. Representative,202-225-4835,https://schneider.house.gov,
B001302,Andy Biggs,Republican,AZ,5,house,U.S. Representative,202-225-2635,https://biggs.house.gov,
K000389,Ro Khanna,Democratic,CA,17,house,U.S. Representative,202-225-2631,https://khanna.house.gov,
P000613,Jimmy Panetta,Democratic,CA,19,house,U.S. Representative,202-225-2861,https://panetta.house.gov,
C001112,Salud O. Carbajal,Democratic,CA,24,house,U.S. Representative,202-225-3601,https://carbajal.house.gov,
B001300,Nanette Diaz Barragán,Democratic,CA,44,house,U.S. Representative,202-225-8220,https://barragan.house.gov,
C001110,J. Luis Correa,Democratic,CA,46,house,U.S. Representative,202-225-2965,https://correa.house.gov,
D000628,Neal P. Dunn,Republican,FL,2,house,U.S. Representative,202-225-5235,https://dunn.house.gov,
R000609,John H. Rutherford,Republican,FL,5,house,U.S. Representative,202-225-2501,https://rutherford.house.gov,
S001200,Darren Soto,Democratic,FL,9,house,U.S. Representative,202-225-9889,https://soto.house.gov,
M001199,Brian J. Mast,Republican,FL,21,house,U.S. Representative,202-225-3026,https://mast.house.gov,
K000391,Raja Krishnamoorthi,Democratic,IL,8,house,U.S. Representative,202-225-3711,https://krishnamoorthi.house.gov,
H001077,Clay Higgins,Republican,LA,3,house,U.S. Representative,202-225-2031,https://clayhiggins.house.gov,
R000606,Jamie Raskin,Democratic,MD,8,house,U.S. Representative,202-225-5341,https://raskin.house.gov,
B001301,Jack Bergman,Republican,MI,1,house,U.S. Representative,202-225-4735,https://bergman.house.gov,
B001298,Don Bacon,Republican,NE,2,house,U.S. Representative,202-225-4155,https://bacon.house.gov,
G000583,Josh Gottheimer,Democratic,NJ,5,house,U.S. Representative,202-225-4465,https://gottheimer.house.gov,
K000393,John Kennedy,Republican,LA,,senate,U.S. Senator,202-224-4623,https://www.kennedy.senate.gov/public,
H001076,Margaret Wood Hassan,Democratic,NH,,senate,U.S. Senator,202-224-3324,https://www.hassan.senate.gov,
C001113,Catherine Cortez Masto,Democratic,NV,,senate,U.S. Senator,202-224-3542,https://www.cortezmasto.senate.gov,
B001303,Lisa Blunt Rochester,Democratic,DE,,senate,U.S. Senator,202-224-2441,https://www.bluntrochester.senate.gov,
M001198,Roger Marshall,Republican,KS,,senate,U.S. Senator,202-224-4774,https://www.marshall.senate.gov,
B001305,Ted Budd,Republican,NC,,senate,U.S. Senator,202-224-3154,https://www.budd.senate.gov,
R000608,Jacky Rosen,Democratic,NV,,senate,U.S. Senator,202-224-6244,https://www.rosen.senate.gov,
F000466,Brian K. Fitzpatrick,Republican,PA,1,house,U.S. Representative,202-225-4276,https://fitzpatrick.house.gov,
S001199,Lloyd Smucker,Republican,PA,11,house,U.S. Representative,202-225-2411,https://smucker.house.gov,
K000392,David Kustoff,Republican,TN,8,house,U.S. Representative,202-225-4714,https://kustoff.house.gov,
G000581,Vicente Gonzalez,Democratic,TX,34,house,U.S. Representative,202-225-2531,https://gonzalez.house.gov,
A000375,Jodey C. Arrington,Republican,TX,19,house,U.S. Representative,202-225-4005,https://arrington.house.gov,
J000298,Pramila Jayapal,Democratic,WA,7,house,U.S. Representative,202-225-3106,https://jayapal.house.gov,
E000298,Ron Estes,Republican,KS,4,house,U.S. Representative,202-225-6216,https://estes.house.gov,
N000190,Ralph Norman,Republican,SC,5,house,U.S. Representative,202-225-5501,https://norman.house.gov,
G000585,Jimmy Gomez,Democratic,CA,34,house,U.S. Representative,202-225-6235,https://gomez.house.gov,
C001115,Michael Cloud,Republican,TX,27,house,U.S. Representative,202-225-7742,https://cloud.house.gov,
B001306,Troy Balderson,Republican,OH,12,house,U.S. Representative,202-225-5355,https://balderson.house.gov,
H001082,Kevin Hern,Republican,OK,1,house,U.S. Representative,202-225-2211,https://hern.house.gov,
M001206,Joseph D. Morelle,Democratic,NY,25,house,U.S. Representative,202-225-3615,https://morelle.house.gov,
S001205,Mary Gay Scanlon,Democratic,PA,5,house,U.S. Representative,202-225-2011,https://scanlon.house.gov,
C001055,Ed Case,Democratic,HI,1,house,U.S. Representative,202-225-2726,https://case.house.gov,
H001066,Steven Horsford,Democratic,NV,4,house,U.S. Representative,202-225-9894,https://horsford.house.gov,
S001211,Greg Stanton,Democratic,AZ,4,house,U.S. Representative,202-225-9888,https://stanton.house.gov,
H001090,Josh Harder,Democratic,CA,9,house,U.S. Representative,202-225-4540,https://harder.house.gov,
L000593,Mike Levin,Democratic,CA,49,house,U.S. Representative,202-225-3906,https://levin.house.gov,
N000191,Joe Neguse,Democratic,CO,2,house,U.S. Representative,202-225-2161,https://neguse.house.gov,
C001121,Jason Crow,Democratic,CO,6,house,U.S. Representative,202-225-7882,https://crow.house.gov,
H001081,Jahana Hayes,Democratic,CT,5,house,U.S. Representative,202-225-4476,https://hayes.house.gov,
S001214,W. Gregory Steube,Republican,FL,17,house,U.S. Representative,202-225-5792,https://steube.house.gov,
M001208,Lucy McBath,Democratic,GA,6,house,U.S. Representative,202-225-4501,https://mcbath.house.gov,
F000469,Russ Fulcher,Republican,ID,1,house,U.S. Representative,202-225-6611,https://fulcher.house.gov,
G000586,"Jesús G. ""Chuy"" García",Democratic,IL,4,house,U.S. Representative,202-225-8203,https://chuygarcia.house.gov,
C001117,Sean Casten,Democratic,IL,6,house,U.S. Representative,202-225-4561,https://casten.house.gov,
U000040,Lauren Underwood,Democratic,IL,14,house,U.S. Representative,202-225-2976,https://underwood.house.gov,
D000629,Sharice Davids,Democratic,KS,3,house,U.S. Representative,202-225-2865,https://davids.house.gov,
T000482,Lori Trahan,Democratic,MA,3,house,U.S. Representative,202-225-3411,https://trahan.house.gov,
S001203,Tina Smith,Democratic,MN,,senate,U.S. Senator,202-224-5641,https://www.smith.senate.gov,
H001079,Cindy Hyde-Smith,Republican,MS,,senate,U.S. Senator,202-224-5054,https://www.hydesmith.senate.gov,
S001215,Haley M. Stevens,Democratic,MI,11,house,U.S. Representative,202-225-8171,https://stevens.house.gov,
T000481,Rashida Tlaib,Democratic,MI,12,house,U.S. Representative,202-225-5126,https://tlaib.house.gov,
C001119,Angie Craig,Democratic,MN,2,house,U.S. Representative,202-225-2271,https://craig.house.gov,
O000173,Ilhan Omar,Democratic,MN,5,house,U.S. Representative,202-225-4755,https://omar.house.gov,
S001212,Pete Stauber,Republican,MN,8,house,U.S. Representative,202-225-6211,https://stauber.house.gov,
G000591,Michael Guest,Republican,MS,3,house,U.S. Representative,202-225-5031,https://guest.house.gov,
P000614,Chris Pappas,Democratic,NH,1,house,U.S. Representative,202-225-5456,https://pappas.house.gov,
V000133,Jefferson Van Drew,Republican,NJ,2,house,U.S. Representative,202-225-6572,https://vandrew.house.gov,
L000590,Susie Lee,Democratic,NV,3,house,U.S. Representative,202-225-3252,https://susielee.house.gov,
O000172,Alexandria Ocasio-Cortez,Democratic,NY,14,house,U.S. Representative,202-225-3965,https://ocasio-cortez.house.gov,
D000631,Madeleine Dean,Democratic,PA,4,house,U.S. Representative,202-225-4731,https://dean.house.gov,
H001085,Chrissy Houlahan,Democratic,PA,6,house,U.S. Representative,202-225-4315,https://houlahan.house.gov,
M001204,Daniel Meuser,Republican,PA,9,house,U.S. Representative,202-225-6511,https://meuser.house.gov,
J000302,John Joyce,Republican,PA,13,house,U.S. Representative,202-225-2431,https://johnjoyce.house.gov,
R000610,Guy Reschenthaler,Republican,PA,14,house,U.S. Representative,202-225-2065,https://reschenthaler.house.gov,
T000480,William R. Timmons IV,Republican,SC,4,house,U.S. Representative,202-225-6030,https://timmons.house.gov,
J000301,Dusty Johnson,Republican,SD,0,house,U.S. Representative,202-225-2801,https://dustyjohnson.house.gov,
B001309,Tim Burchett,Republican,TN,2,house,U.S. Representative,202-225-5435,https://burchett.house.gov,
R000612,John W. Rose,Republican,TN,6,house,U.S. Representative,202-225-4231,https://johnrose.house.gov,
C001120,Dan Crenshaw,Republican,TX,2,house,U.S. Representative,202-225-6565,https://crenshaw.house.gov,
G000589,Lance Gooden,Republican,TX,5,house,U.S. Representative,202-225-3484,https://gooden.house.gov,
F000468,Lizzie Fletcher,Democratic,TX,7,house,U.S. Representative,202-225-2571,https://fletcher.house.gov,
E000299,Veronica Escobar,Democratic,TX,16,house,U.S. Representative,202-225-4831,https://escobar.house.gov,
R000614,Chip Roy,Republican,TX,21,house,U.S. Representative,202-225-4236,https://roy.house.gov,
G000587,Sylvia R. Garcia,Democratic,TX,29,house,U.S. Representative,202-225-1688,https://sylviagarcia.house.gov,
C001118,Ben Cline,Republican,VA,6,house,U.S. Representative,202-225-5431,https://cline.house.gov,
S001216,Kim Schrier,Democratic,WA,8,house,U.S. Representative,202-225-7761,https://schrier.house.gov,
S001213,Bryan Steil,Republican,WI,1,house,U.S. Representative,202-225-3031,https://steil.house.gov,
M001205,Carol D. Miller,Republican,WV,1,house,U.S. Representative,202-225-3452,https://miller.house.gov,
G000592,Jared F. Golden,Democratic,ME,2,house,U.S. Representative,202-225-6306,https://golden.house.gov,
S001217,Rick Scott,Republican,FL,,senate,U.S. Senator,202-224-5274,https://www.rickscott.senate.gov,
H001089,Josh Hawley,Republican,MO,,senate,U.S. Senator,202-224-6154,https://www.hawley.senate.gov,
M001210,Gregory F. Murphy,Republican,NC,3,house,U.S. Representative,202-225-3415,https://murphy.house.gov,
M000687,Kweisi Mfume,Democratic,MD,7,house,U.S. Representative,202-225-4741,https://mfume.house.gov,
T000165,Thomas P. Tiffany,Republican,WI,7,house,U.S. Representative,202-225-3365,https://tiffany.house.gov,
I000056,Darrell Issa,Republican,CA,48,house,U.S. Representative,202-225-5672,https://issa.house.gov,
S000250,Pete Sessions,Republican,TX,17,house,U.S. Representative,202-225-6105,https://sessions.house.gov,
V000129,David G. Valadao,Republican,CA,22,house,U.S. Representative,202-225-4695,https://valadao.house.gov,
M001212,Barry Moore,Republican,AL,1,house,U.S. Representative,202-225-2901,https://barrymoore.house.gov,
O000019,Jay Obernolte,Republican,CA,23,house,U.S. Representative,202-225-5861,https://obernolte.house.gov,
K000397,Young Kim,Republican,CA,40,house,U.S. Representative,202-225-4111,https://youngkim.house.gov,
J000305,Sara Jacobs,Democratic,CA,51,house,U.S. Representative,202-225-2040,https://sarajacobs.house.gov,
B000825,Lauren Boebert,Republican,CO,4,house,U.S. Representative,202-225-4761,https://boebert.house.gov,
C001039,Kat Cammack,Republican,FL,3,house,U.S. Representative,202-225-5744,https://cammack.house.gov,
F000472,Scott Franklin,Republican,FL,18,house,U.S. Representative,202-225-1252,https://franklin.house.gov,
D000032,Byron Donalds,Republican,FL,19,house,U.S. Representative,202-225-2536,https://donalds.house.gov,
G000593,Carlos A. Gimenez,Republican,FL,28,house,U.S. Representative,202-225-2778,https://gimenez.house.gov,
S000168,Maria Elvira Salazar,Republican,FL,27,house,U.S. Representative,202-225-3931,https://salazar.house.gov,
W000788,Nikema Williams,Democratic,GA,5,house,U.S. Representative,202-225-3801,https://nikemawilliams.house.gov,
C001116,Andrew S. Clyde,Republican,GA,9,house,U.S. Representative,202-225-9893,https://clyde.house.gov,
H001091,Ashley Hinson,Republican,IA,2,house,U.S. Representative,202-225-2911,https://hinson.house.gov,
M001215,Mariannette Miller-Meeks,Republican,IA,1,house,U.S. Representative,202-225-6576,https://millermeeks.house.gov,
F000446,Randy Feenstra,Republican,IA,4,house,U.S. Representative,202-225-4426,https://feenstra.house.gov,
M001211,Mary E. Miller,Republican,IL,15,house,U.S. Representative,202-225-5271,https://marymiller.house.gov,
M001214,Frank J. Mrvan,Democratic,IN,1,house,U.S. Representative,202-225-2461,https://mrvan.house.gov,
S000929,Victoria Spartz,Republican,IN,5,house,U.S. Representative,202-225-2276,https://spartz.house.gov,
M000871,Tracey Mann,Republican,KS,1,house,U.S. Representative,202-225-2715,https://mann.house.gov,
A000148,Jake Auchincloss,Democratic,MA,4,house,U.S. Representative,202-225-5931,https://auchincloss.house.gov,
M001136,Lisa C. McClain,Republican,MI,9,house,U.S. Representative,202-225-2106,https://mcclain.house.gov,
F000470,Michelle Fischbach,Republican,MN,7,house,U.S. Representative,202-225-2165,https://fischbach.house.gov,
R000305,Deborah K. Ross,Democratic,NC,2,house,U.S. Representative,202-225-3032,https://ross.house.gov,
L000571,Cynthia M. Lummis,Republican,WY,,senate,U.S. Senator,202-224-3424,https://www.lummis.senate.gov,
T000278,Tommy Tuberville,Republican,AL,,senate,U.S. Senator,202-224-4124,https://www.tuberville.senate.gov,
M001223,Seth Magaziner,Democratic,RI,2,house,U.S. Representative,202-225-2735,https://magaziner.house.gov,
H000273,John W. Hickenlooper,Democratic,CO,,senate,U.S. Senator,202-224-5941,https://www.hickenlooper.senate.gov,
H000601,Bill Hagerty,Republican,TN,,senate,U.S. Senator,202-224-4944,https://www.hagerty.senate.gov,
G000597,Andrew R. Garbarino,Republican,NY,2,house,U.S. Representative,202-225-7896,https://garbarino.house.gov,
M000317,Nicole Malliotakis,Republican,NY,11,house,U.S. Representative,202-225-3371,https://malliotakis.house.gov,
T000486,Ritchie Torres,Democratic,NY,15,house,U.S. Representative,202-225-4361,https://ritchietorres.house.gov,
B000740,Stephanie I. Bice,Republican,OK,5,house,U.S. Representative,202-225-2132,https://bice.house.gov,
B000668,Cliff Bentz,Republican,OR,2,house,U.S. Representative,202-225-6730,https://bentz.house.gov,
M000194,Nancy Mace,Republican,SC,1,house,U.S. Representative,202-225-3176,https://mace.house.gov,
H001086,Diana Harshbarger,Republican,TN,1,house,U.S. Representative,202-225-6356,https://harshbarger.house.gov,
F000246,Pat Fallon,Republican,TX,4,house,U.S. Representative,202-225-6673,https://fallon.house.gov,
P000048,August Pfluger,Republican,TX,11,house,U.S. Representative,202-225-3605,https://pfluger.house.gov,
J000304,Ronny Jackson,Republican,TX,13,house,U.S. Representative,202-225-3706,https://jackson.house.gov,
N000026,Troy E. Nehls,Republican,TX,22,house,U.S. Representative,202-225-5951,https://nehls.house.gov,
G000594,Tony Gonzales,Republican,TX,23,house,U.S. Representative,202-225-4511,https://gonzales.house.gov,
V000134,Beth Van Duyne,Republican,TX,24,house,U.S. Representative,202-225-6605,https://vanduyne.house.gov,
M001213,Blake D. Moore,Republican,UT,1,house,U.S. Representative,202-225-0453,https://blakemoore.house.gov,
O000086,Burgess Owens,Republican,UT,4,house,U.S. Representative,202-225-3011,https://owens.house.gov,
S001159,Marilyn Strickland,Democratic,WA,10,house,U.S. Representative,202-225-9740,https://strickland.house.gov,
F000471,Scott Fitzgerald,Republican,WI,5,house,U.S. Representative,202-225-5101,https://fitzgerald.house.gov,
T000478,Claudia Tenney,Republican,NY,24,house,U.S. Representative,202-225-3665,https://tenney.house.gov,
L000595,Julia Letlow,Republican,LA,5,house,U.S. Representative,202-225-8490,https://letlow.house.gov,
C001125,Troy A. Carter,Democratic,LA,2,house,U.S. Representative,202-225-6636,https://troycarter.house.gov,
S001218,Melanie A. Stansbury,Democratic,NM,1,house,U.S. Representative,202-225-6316,https://stansbury.house.gov,
E000071,Jake Ellzey,Republican,TX,6,house,U.S. Representative,202-225-2002,https://ellzey.house.gov,
B001313,Shontel M. Brown,Democratic,OH,11,house,U.S. Representative,202-225-7032,https://shontelbrown.house.gov,
K000401,Kevin Kiley,Republican,CA,3,house,U.S. Representative,202-225-2523,https://kiley.house.gov,
M001225,Kevin Mullin,Democratic,CA,15,house,U.S. Representative,202-225-3531,https://kevinmullin.house.gov,
K000400,Sydney Kamlager-Dove,Democratic,CA,37,house,U.S. Representative,202-225-7084,https://kamlager-dove.house.gov,
G000598,Robert Garcia,Democratic,CA,42,house,U.S. Representative,202-225-7924,https://robertgarcia.house.gov,
P000620,Brittany Pettersen,Democratic,CO,7,house,U.S. Representative,202-225-2645,https://pettersen.house.gov,
B001314,Aaron Bean,Republican,FL,4,house,U.S. Representative,202-225-0123,https://bean.house.gov,
M001216,Cory Mills,Republican,FL,7,house,U.S. Representative,202-225-4035,https://mills.house.gov,
O000174,Jon Ossoff,Democratic,GA,,senate,U.S. Senator,202-224-3521,https://www.ossoff.senate.gov,
W000790,Raphael G. Warnock,Democratic,GA,,senate,U.S. Senator,202-224-3643,https://www.warnock.senate.gov,
C001132,Elijah Crane,Republican,AZ,2,house,U.S. Representative,202-225-3361,https://crane.house.gov,
C001133,Juan Ciscomani,Republican,AZ,6,house,U.S. Representative,202-225-2542,https://ciscomani.house.gov,
F000476,Maxwell Frost,Democratic,FL,10,house,U.S. Representative,202-225-2176,https://frost.house.gov,
L000596,Anna Paulina Luna,Republican,FL,13,house,U.S. Representative,202-225-5961,https://luna.house.gov,
L000597,Laurel M. Lee,Republican,FL,15,house,U.S. Representative,202-225-5626,https://laurellee.house.gov,
M001217,Jared Moskowitz,Democratic,FL,23,house,U.S. Representative,202-225-3001,https://moskowitz.house.gov,
R000605,Mike Rounds,Republican,SD,,senate,U.S. Senator,202-224-5842,https://www.rounds.senate.gov,
C001114,John R. Curtis,Republican,UT,,senate,U.S. Senator,202-224-5251,https://www.curtis.senate.gov,
K000377,Mark Kelly,Democratic,AZ,,senate,U.S. Senator,202-224-2235,https://www.kelly.senate.gov,
B001319,Katie Boyd Britt,Republican,AL,,senate,U.S. Senator,202-224-5744,https://www.britt.senate.gov,
S001227,Eric Schmitt,Republican,MO,,senate,U.S. Senator,202-224-5721,https://www.schmitt.senate.gov,
F000479,John Fetterman,Democratic,PA,,senate,U.S. Senator,202-224-4254,https://www.fetterman.senate.gov,
N000193,Zachary Nunn,Republican,IA,3,house,U.S. Representative,202-225-5476,https://nunn.house.gov,
J000309,Jonathan L. Jackson,Democratic,IL,1,house,U.S. Representative,202-225-4372,https://jonathanjackson.house.gov,
R000617,Delia C. Ramirez,Democratic,IL,3,house,U.S. Representative,202-225-5701,https://ramirez.house.gov,
B001315,Nikki Budzinski,Democratic,IL,13,house,U.S. Representative,202-225-2371,https://budzinski.house.gov,
S001225,Eric Sorensen,Democratic,IL,17,house,U.S. Representative,202-225-5905,https://sorensen.house.gov,
H001093,Erin Houchin,Republican,IN,9,house,U.S. Representative,202-225-5315,https://houchin.house.gov,
M001220,Morgan McGarvey,Democratic,KY,3,house,U.S. Representative,202-225-5401,https://mcgarvey.house.gov,
I000058,Glenn Ivey,Democratic,MD,4,house,U.S. Representative,202-225-8699,https://ivey.house.gov,
S001221,Hillary J. Scholten,Democratic,MI,3,house,U.S. Representative,202-225-3831,https://scholten.house.gov,
J000307,John James,Republican,MI,10,house,U.S. Representative,202-225-4961,https://james.house.gov,
T000488,Shri Thanedar,Democratic,MI,13,house,U.S. Representative,202-225-5802,https://thanedar.house.gov,
A000379,Mark Alford,Republican,MO,4,house,U.S. Representative,202-225-2876,https://alford.house.gov,
B001316,Eric Burlison,Republican,MO,7,house,U.S. Representative,202-225-6536,https://burlison.house.gov,
E000235,Mike Ezell,Republican,MS,4,house,U.S. Representative,202-225-5772,https://ezell.house.gov,
D000230,Donald G. Davis,Democratic,NC,1,house,U.S. Representative,202-225-3101,https://dondavis.house.gov,
F000477,Valerie P. Foushee,Democratic,NC,4,house,U.S. Representative,202-225-1784,https://foushee.house.gov,
E000246,Chuck Edwards,Republican,NC,11,house,U.S. Representative,202-225-6401,https://edwards.house.gov,
K000398,"Thomas H. Kean, Jr.",Republican,NJ,7,house,U.S. Representative,202-225-5361,https://kean.house.gov,
M001226,Robert Menendez,Democratic,NJ,8,house,U.S. Representative,202-225-7919,https://menendez.house.gov,
V000136,Gabe Vasquez,Democratic,NM,2,house,U.S. Representative,202-225-2365,https://vasquez.house.gov,
L000598,Nick LaLota,Republican,NY,1,house,U.S. Representative,202-225-3826,https://lalota.house.gov,
G000599,Daniel S. Goldman,Democratic,NY,10,house,U.S. Representative,202-225-7944,https://goldman.house.gov,
L000599,Michael Lawler,Republican,NY,17,house,U.S. Representative,202-225-6506,https://lawler.house.gov,
L000600,Nicholas A. Langworthy,Republican,NY,23,house,U.S. Representative,202-225-3161,https://langworthy.house.gov,
L000601,Greg Landsman,Democratic,OH,1,house,U.S. Representative,202-225-2216,https://landsman.house.gov,
M001222,Max L. Miller,Republican,OH,7,house,U.S. Representative,202-225-3876,https://maxmiller.house.gov,
S001223,Emilia Strong Sykes,Democratic,OH,13,house,U.S. Representative,202-225-6265,https://sykes.house.gov,
B001317,Josh Brecheen,Republican,OK,2,house,U.S. Representative,202-225-2701,https://brecheen.house.gov,
H001094,Val T. Hoyle,Democratic,OR,4,house,U.S. Representative,202-225-6416,https://hoyle.house.gov,
S001226,Andrea Salinas,Democratic,OR,6,house,U.S. Representative,202-225-5643,https://salinas.house.gov,
L000602,Summer L. Lee,Democratic,PA,12,house,U.S. Representative,202-225-2135,https://summerlee.house.gov,
D000530,Christopher R. Deluzio,Democratic,PA,17,house,U.S. Representative,202-225-2301,https://deluzio.house.gov,
O000175,Andrew Ogles,Republican,TN,5,house,U.S. Representative,202-225-4311,https://ogles.house.gov,
S001224,Keith Self,Republican,TX,3,house,U.S. Representative,202-225-4201,https://keithself.house.gov,
L000603,Morgan Luttrell,Republican,TX,8,house,U.S. Representative,202-225-4901,https://luttrell.house.gov,
D000594,Monica De La Cruz,Republican,TX,15,house,U.S. Representative,202-225-9901,https://delacruz.house.gov,
C001130,Jasmine Crockett,Democratic,TX,30,house,U.S. Representative,202-225-8885,https://crockett.house.gov,
C001131,Greg Casar,Democratic,TX,35,house,U.S. Representative,202-225-5645,https://casar.house.gov,
H001095,Wesley Hunt,Republican,TX,38,house,U.S. Representative,202-225-5646,https://hunt.house.gov,
K000399,Jennifer A. Kiggans,Republican,VA,2,house,U.S. Representative,202-225-4215,https://kiggans.house.gov,
B001318,Becca Balint,Democratic,VT,0,house,U.S. Representative,202-225-4115,https://balint.house.gov,
G000600,Marie Gluesenkamp Perez,Democratic,WA,3,house,U.S. Representative,202-225-3536,https://gluesenkampperez.house.gov,
V000135,Derrick Van Orden,Republican,WI,3,house,U.S. Representative,202-225-5506,https://vanorden.house.gov,
H001096,Harriet M. Hageman,Republican,WY,0,house,U.S. Representative,202-225-2311,https://hageman.house.gov,
M001227,Jennifer L. McClellan,Democratic,VA,4,house,U.S. Representative,202-225-6365,https://mcclellan.house.gov,
A000380,Gabe Amo,Democratic,RI,1,house,U.S. Representative,202-225-4911,https://amo.house.gov,
M001228,Celeste Maloy,Republican,UT,2,house,U.S. Representative,202-225-9730,https://maloy.house.gov,
S001201,Thomas R. Suozzi,Democratic,NY,3,house,U.S. Representative,202-225-3335,https://suozzi.house.gov,
K000402,Timothy M. Kennedy,Democratic,NY,26,house,U.S. Representative,202-225-3306,https://kennedy.house.gov,
F000480,Vince Fong,Republican,CA,20,house,U.S. Representative,202-225-2915,https://fong.house.gov,
R000619,Michael A. Rulli,Republican,OH,6,house,U.S. Representative,202-225-5705,https://rulli.house.gov,
M001229,LaMonica McIver,Democratic,NJ,10,house,U.S. Representative,202-225-3436,https://mciver.house.gov,
W000829,Tony Wied,Republican,WI,8,house,U.S. Representative,202-225-5665,https://wied.house.gov,
F000110,Cleo Fields,Democratic,LA,6,house,U.S. Representative,202-225-3901,https://fields.house.gov,
S001188,Marlin A. Stutzman,Republican,IN,3,house,U.S. Representative,202-225-4436,https://stutzman.house.gov,
C001123,"Gilbert Ray Cisneros, Jr.",Democratic,CA,31,house,U.S. Representative,202-225-5256,https://cisneros.house.gov,
B001323,Nicholas J. Begich III,Republican,AK,0,house,U.S. Representative,202-225-5765,https://begich.house.gov,
F000481,Shomari Figures,Democratic,AL,2,house,U.S. Representative,202-225-4931,https://figures.house.gov,
A000381,Yassamin Ansari,Democratic,AZ,3,house,U.S. Representative,202-225-4065,https://ansari.house.gov,
H001098,Abraham J. Hamadeh,Republican,AZ,8,house,U.S. Representative,202-225-4576,https://hamadeh.house.gov,
S001231,Lateefah Simon,Democratic,CA,12,house,U.S. Representative,202-225-2661,https://simon.house.gov,
A000382,Angela D. Alsobrooks,Democratic,MD,,senate,U.S. Senator,202-224-4524,https://www.alsobrooks.senate.gov,
S001232,Tim Sheehy,Republican,MT,,senate,U.S. Senator,202-224-2644,https://www.sheehy.senate.gov,
M001242,Bernie Moreno,Republican,OH,,senate,U.S. Senator,202-224-2315,https://www.moreno.senate.gov,
M001243,David McCormick,Republican,PA,,senate,U.S. Senator,202-224-6324,https://www.mccormick.senate.gov,
G000605,Adam Gray,Democratic,CA,13,house,U.S. Representative,202-225-1947,https://gray.house.gov,
L000607,Sam T. Liccardo,Democratic,CA,16,house,U.S. Representative,202-225-8104,https://liccardo.house.gov,
W000830,George Whitesides,Democratic,CA,27,house,U.S. Representative,202-225-1956,https://whitesides.house.gov,
R000620,Luz M. Rivas,Democratic,CA,29,house,U.S. Representative,202-225-6131,https://rivas.house.gov,
F000483,Laura Friedman,Democratic,CA,30,house,U.S. Representative,202-225-4176,https://friedman.house.gov,
T000491,Derek Tran,Democratic,CA,45,house,U.S. Representative,202-225-2415,https://tran.house.gov,
M001241,Dave Min,Democratic,CA,47,house,U.S. Representative,202-225-5611,https://min.house.gov,
H001100,Jeff Hurd,Republican,CO,3,house,U.S. Representative,202-225-4676,https://hurd.house.gov,
C001137,Jeff Crank,Republican,CO,5,house,U.S. Representative,202-225-4422,https://crank.house.gov,
E000300,Gabe Evans,Republican,CO,8,house,U.S. Representative,202-225-5625,https://gabeevans.house.gov,
M001238,Sarah McBride,Democratic,DE,0,house,U.S. Representative,202-225-4165,https://mcbride.house.gov,
H001099,Mike Haridopolos,Republican,FL,8,house,U.S. Representative,202-225-3671,https://haridopolos.house.gov,
J000311,Brian Jack,Republican,GA,3,house,U.S. Representative,202-225-5901,https://jack.house.gov,
S001229,Jefferson Shreve,Republican,IN,6,house,U.S. Representative,202-225-3021,https://shreve.house.gov,
M001233,Mark B. Messmer,Republican,IN,8,house,U.S. Representative,202-225-4636,https://messmer.house.gov,
S001228,Derek Schmidt,Republican,KS,2,house,U.S. Representative,202-225-6601,https://schmidt.house.gov,
O000176,"Johnny Olszewski, Jr.",Democratic,MD,2,house,U.S. Representative,202-225-3061,https://olszewski.house.gov,
E000301,Sarah Elfreth,Democratic,MD,3,house,U.S. Representative,202-225-4016,https://elfreth.house.gov,
M001232,April McClain Delaney,Democratic,MD,6,house,U.S. Representative,202-225-2721,https://mcclaindelaney.house.gov,
B001321,Tom Barrett,Republican,MI,7,house,U.S. Representative,202-225-4872,https://barrett.house.gov,
M001237,Kristen McDonald Rivet,Democratic,MI,8,house,U.S. Representative,202-225-3611,https://mcdonaldrivet.house.gov,
M001234,Kelly Morrison,Democratic,MN,3,house,U.S. Representative,202-225-2871,https://morrison.house.gov,
B001324,Wesley Bell,Democratic,MO,1,house,U.S. Representative,202-225-2406,https://bell.house.gov,
O000177,"Robert F. Onder, Jr.",Republican,MO,3,house,U.S. Representative,202-225-2956,https://onder.house.gov,
K000404,Kimberlyn King-Hinds,Republican,MP,0,house,U.S. Representative,202-225-2646,https://king-hinds.house.gov,
D000634,Troy Downing,Republican,MT,2,house,U.S. Representative,202-225-3211,https://downing.house.gov,
M001240,Addison P. McDowell,Republican,NC,6,house,U.S. Representative,202-225-3065,https://mcdowell.house.gov,
H001102,Mark Harris,Republican,NC,8,house,U.S. Representative,202-225-1976,https://markharris.house.gov,
H001101,Pat Harrigan,Republican,NC,10,house,U.S. Representative,202-225-2576,https://harrigan.house.gov,
K000405,Brad Knott,Republican,NC,13,house,U.S. Representative,202-225-4531,https://knott.house.gov,
M001236,Tim Moore,Republican,NC,14,house,U.S. Representative,202-225-5634,https://timmoore.house.gov,
F000482,Julie Fedorchak,Republican,ND,0,house,U.S. Representative,202-225-2611,https://fedorchak.house.gov,
G000604,Maggie Goodlander,Democratic,NH,2,house,U.S. Representative,202-225-5206,https://goodlander.house.gov,
C001136,"Herbert C. Conaway, Jr.",Democratic,NJ,3,house,U.S. Representative,202-225-4765,https://conaway.house.gov,
P000621,Nellie Pou,Democratic,NJ,9,house,U.S. Representative,202-225-5751,https://pou.house.gov,
M001231,John W. Mannion,Democratic,NY,22,house,U.S. Representative,202-225-3701,https://mannion.house.gov,
T000490,David J. Taylor,Republican,OH,2,house,U.S. Representative,202-225-3164,https://taylor.house.gov,
D000635,Maxine Dexter,Democratic,OR,3,house,U.S. Representative,202-225-4811,https://dexter.house.gov,
B001326,Janelle S. Bynum,Democratic,OR,5,house,U.S. Representative,202-225-5711,https://bynum.house.gov,
M001230,Ryan Mackenzie,Republican,PA,7,house,U.S. Representative,202-225-6411,https://mackenzie.house.gov,
B001327,"Robert P. Bresnahan, Jr.",Republican,PA,8,house,U.S. Representative,202-225-5546,https://bresnahan.house.gov,
H001103,Pablo José Hernández,Democratic,PR,0,house,U.S. Representative,202-225-2615,https://hernandez.house.gov,
B001325,Sheri Biggs,Republican,SC,3,house,U.S. Representative,202-225-5301,https://sheribiggs.house.gov,
G000601,Craig A. Goldman,Republican,TX,12,house,U.S. Representative,202-225-5071,https://craiggoldman.house.gov,
G000603,Brandon Gill,Republican,TX,26,house,U.S. Representative,202-225-7772,https://gill.house.gov,
J000310,Julie Johnson,Democratic,TX,32,house,U.S. Representative,202-225-2231,https://juliejohnson.house.gov,
K000403,Mike Kennedy,Republican,UT,3,house,U.S. Representative,202-225-7751,https://mikekennedy.house.gov,
M001239,John J. McGuire III,Republican,VA,5,house,U.S. Representative,202-225-4711,https://mcguire.house.gov,
V000138,Eugene Simon Vindman,Democratic,VA,7,house,U.S. Representative,202-225-2815,https://vindman.house.gov,
S001230,Suhas Subramanyam,Democratic,VA,10,house,U.S. Representative,202-225-5136,https://subramanyam.house.gov,
B001322,Michael Baumgartner,Republican,WA,5,house,U.S. Representative,202-225-2006,https://baumgartner.house.gov,
R000621,Emily Randall,Democratic,WA,6,house,U.S. Representative,202-225-5916,https://randall.house.gov,
M001235,Riley M. Moore,Republican,WV,2,house,U.S. Representative,202-225-2711,https://rileymoore.house.gov,
P000622,Jimmy Patronis,Republican,FL,1,house,U.S. Representative,202-225-4136,https://patronis.house.gov,
F000484,Randy Fine,Republican,FL,6,house,U.S. Representative,202-225-2706,https://fine.house.gov,
J000312,James C. Justice,Republican,WV,,senate,U.S. Senator,202-224-3954,https://www.justice.senate.gov,
H001104,Jon Husted,Republican,OH,,senate,U.S. Senator,202-224-3353,https://www.husted.senate.gov,
M001244,Ashley Moody,Republican,FL,,senate,U.S. Senator,202-224-3041,https://www.moody.senate.gov,
L000578,Doug LaMalfa,Republican,CA,1,house,U.S. Representative,202-225-3076,https://lamalfa.house.gov,
T000476,Thom Tillis,Republican,NC,,senate,U.S. Senator,202-224-6342,https://www.tillis.senate.gov,
G000576,Glenn Grothman,Republican,WI,6,house,U.S. Representative,202-225-2476,https://grothman.house.gov,
R000600,Aumua Amata Coleman Radewagen,Republican,AS,0,house,U.S. Representative,202-225-8577,https://radewagen.house.gov,
K000394,Andy Kim,Democratic,NJ,,senate,U.S. Senator,202-224-4744,https://www.kim.senate.gov,
S001207,Mikie Sherrill,Democratic,NJ,11,house,U.S. Representative,202-225-5034,https://sherrill.house.gov,
G000596,Marjorie Taylor Greene,Republican,GA,14,house,U.S. Representative,202-225-5211,https://greene.house.gov,
M001218,Richard McCormick,Republican,GA,7,house,U.S. Representative,202-225-4272,https://mccormick.house.gov,
C001129,Mike Collins,Republican,GA,10,house,U.S. Representative,202-225-4101,https://collins.house.gov,
M001219,James C. Moylan,Republican,GU,0,house,U.S. Representative,202-225-1188,https://moylan.house.gov,
T000487,Jill N. Tokuda,Democratic,HI,2,house,U.S. Representative,202-225-4906,https://tokuda.house.gov,
W000831,James R. Walkinshaw,Democratic,VA,11,house,U.S. Representative,202-225-1492,,
G000606,Adelita S. Grijalva,Democratic,AZ,7,house,U.S. Representative,202-225-2435,https://grijalva.house.gov/,
V000139,Matt Van Epps,Republican,TN,7,house,U.S. Representative,202-225-2811,https://vanepps.house.gov/,
